{
    "loss": 0.11118163168430328,
    "accuracy": 0.9608888626098633
}